name,author,price,link
"펭귄과 리바이어던","요차이 벤클러","14,850","https://product.kyobobook.co.kr/detail/S000001291013"
"리바이어던 1","토머스 홉스","28,000","https://product.kyobobook.co.kr/detail/S000000539402"
"리바이어던","토머스 홉스","12,510","https://product.kyobobook.co.kr/detail/S000001167122"
"리바이어던","토마스 홉스","10,800","https://product.kyobobook.co.kr/detail/S000001164036"
"리바이어던","토머스 홉스","10,800","https://product.kyobobook.co.kr/detail/S000000703064"
"홉스 리바이어던","손기화","10,800","https://product.kyobobook.co.kr/detail/S000000598304"
"리바이어던 2","토머스 홉스","28,000","https://product.kyobobook.co.kr/detail/S000000539403"
"흥선대원군 평전","김종학","28,800","https://product.kyobobook.co.kr/detail/S000001795109"
"평화를 지키는 괴물 리바이어던이 왔다!","서정욱","10,800","https://product.kyobobook.co.kr/detail/S000000776023"
"Why 홉스 리바이어던","박연아","9,900","https://product.kyobobook.co.kr/detail/S000000540935"
"리바이어던. 1권 (토마스 홉스) : Leviathan. Vol. 1 (영문판)","토마스 홉스(Thomas Hobbes)","11,900","https://product.kyobobook.co.kr/detail/S000060607712"
"리바이어던. 2권 (토마스 홉스) : Leviathan. Vol. 2 (영문판)","토마스 홉스(Thomas Hobbes)","14,300","https://product.kyobobook.co.kr/detail/S000060607711"
"리바이어던. 3권 (토마스 홉스) : Leviathan. Vol. 3 (영문판)","토마스 홉스(Thomas Hobbes)","17,800","https://product.kyobobook.co.kr/detail/S000060607710"
"맹약의 리바이어던 2","타케즈키 조","5,850","https://product.kyobobook.co.kr/detail/S000000998038"
"리바이어던","토머스 홉스","6,300","https://product.kyobobook.co.kr/detail/S000000914292"
"리바이어던 (e시대의 절대사상 002)","김용환","12,600","https://product.kyobobook.co.kr/detail/S000000720245"
"맹약의 리바이어던 4","타케즈키 조","5,850","https://product.kyobobook.co.kr/detail/S000000998105"
"홉스: 리바이어던의 탄생","엘로이시어스 마티니치","26,100","https://product.kyobobook.co.kr/detail/S000001896816"
"리바이어던 근대 국가의 탄생","박완규","12,420","https://product.kyobobook.co.kr/detail/S000000869447"
"홉스의 리바이어던으로의 초대","L. M. 존슨 백비","19,000","https://product.kyobobook.co.kr/detail/S000000547274"
"명문대 입문 철학만화: 리바이어던","드림아이","9,000","https://product.kyobobook.co.kr/detail/S000001778149"
"리바이어던","보리스 아쿠닌","13,320","https://product.kyobobook.co.kr/detail/S000001837392"
"홉스 리바이어던 시민론","현택수","13,500","https://product.kyobobook.co.kr/detail/S000001972554"
"홉스가 들려주는 리바이어던 이야기","서정욱","9,900","https://product.kyobobook.co.kr/detail/S000000775105"
"평화를 지키는 괴물 리바이어던이 왔다!","서정욱","10","https://ebook-product.kyobobook.co.kr/dig/epd/ebook/E000003112781"
"펭귄과 리바이어던","요차이 벤클러","10","https://ebook-product.kyobobook.co.kr/dig/epd/ebook/E000003197570"
"리바이어던","빌리","10","https://ebook-product.kyobobook.co.kr/dig/epd/ebook/E000003426836"
"포춘 리바이어던","백사향","10","https://ebook-product.kyobobook.co.kr/dig/epd/ebook/E000003349355"
"맹약의 리바이어던","타케즈키 조","10","https://ebook-product.kyobobook.co.kr/dig/epd/ebook/E000002890854"
"리바이어던(영어원서) - 서울대.연세대 공통 권장도서","토머스 홉스","10","https://ebook-product.kyobobook.co.kr/dig/epd/ebook/E000002951650"
"홉스: 리바이어던의 탄생","진석용","10","https://ebook-product.kyobobook.co.kr/dig/epd/ebook/E000002976531"
"리바이어던","신재일","10","https://ebook-product.kyobobook.co.kr/dig/epd/ebook/E000003184423"
"홉스의 리바이어던","오하나","10","https://ebook-product.kyobobook.co.kr/dig/epd/ebook/E000003483955"
"맹약의 리바이어던(체험판)","타케즈키 조","무료도서","https://ebook-product.kyobobook.co.kr/dig/epd/ebook/E000003309454"
"리바이어던","보리스 아쿠닌","10","https://ebook-product.kyobobook.co.kr/dig/epd/ebook/E000002953242"
"리바이어던(Leviathan) - 고품격 시청각 영문판","토머스 홉스(Thomas Hobbes)","10","https://ebook-product.kyobobook.co.kr/dig/epd/ebook/E000002946668"
"Leviathan _ 홉스의 리바이어던","Thomas Hobbes","10","https://ebook-product.kyobobook.co.kr/dig/epd/ebook/E000003552020"
"7권 홉스의 리바이어던 - 윌라 오디오북 시리즈","오하나","10","https://ebook-product.kyobobook.co.kr/dig/epd/ebook/E000000014325"
"리바이어던","토마스 홉스","10","https://ebook-product.kyobobook.co.kr/dig/epd/ebook/E000003183846"
"리바이어던","토마스 홉스","10","https://ebook-product.kyobobook.co.kr/dig/epd/ebook/E000003599181"
"원작 그대로 읽는 리바이어던(Leviathan)","토마스 홉스(Thomas Hobbes)","10","https://ebook-product.kyobobook.co.kr/dig/epd/ebook/E000002931229"
"영어고전056 토머스 홉스의 리바이어던(English Classics056 Leviathan by Thomas Hobbes)","토머스 홉스(Thomas Hobbes)","10","https://ebook-product.kyobobook.co.kr/dig/epd/ebook/E000003560545"
"홉스가 들려주는 리바이어던 이야기","서정욱","10","https://ebook-product.kyobobook.co.kr/dig/epd/ebook/E000003112249"
"홉스 리바이어던 시민론","현택수","10","https://ebook-product.kyobobook.co.kr/dig/epd/ebook/E000002998699"
"고전, 국가를 상상하다","전주희","14,400","https://product.kyobobook.co.kr/detail/S000001878131"
"왜 분권국가인가","안성호","27,000","https://product.kyobobook.co.kr/detail/S000001680638"
"盟約のリヴァイアサン 7","丈月城／著","6,660","https://product.kyobobook.co.kr/detail/S000047823739"
"盟約のリヴァイアサン 6","丈月城／著","6,660","https://product.kyobobook.co.kr/detail/S000047823158"
"盟約のリヴァイアサン 5","丈月城／著","6,660","https://product.kyobobook.co.kr/detail/S000047822598"
"盟約のリヴァイアサン 4","丈月城／著","6,660","https://product.kyobobook.co.kr/detail/S000047822030"
"Logic of Leviathan","Gauthier, David P.","234,500","https://product.kyobobook.co.kr/detail/S000006371449"
"풀빛/청소년 철학창고 1-20 패키지세트(전20권)/니코마코스윤리학.목민심서.리바이어던.유토피아.성학십도.","아리스토텔레스 저 외","210,600","https://product.kyobobook.co.kr/detail/S000060526410"
"리바이어던","토마스 홉스","0","https://product.kyobobook.co.kr/detail/S000001623991"
"리바이어던","토머스 홉스","0","https://product.kyobobook.co.kr/detail/S000000703425"
"리바이어던","폴 오스터","0","https://product.kyobobook.co.kr/detail/S000000580596"
"홉스가 들려주는 리바이어던 이야기","서정욱","0","https://product.kyobobook.co.kr/detail/S000000774316"
"리바이어던","토머스 홉스","0","https://product.kyobobook.co.kr/detail/S000000702624"
"맹약의 리바이어던 3","타케즈키 조","0","https://product.kyobobook.co.kr/detail/S000000998063"
"맹약의 리바이어던 1","타케즈키 조","0","https://product.kyobobook.co.kr/detail/S000000998029"
"홉스의 리바이어던","선우현","0","https://product.kyobobook.co.kr/detail/S000000445252"
"홉스가 들려주는 리바이어던 이야기 (고급편)","최지윤","0","https://product.kyobobook.co.kr/detail/S000000774595"
"홉스가 들려주는 리바이어던 이야기 (초급편)","최지윤","0","https://product.kyobobook.co.kr/detail/S000000774593"
"리바이어던 1(박영문고 253)","T.홉스","0","https://product.kyobobook.co.kr/detail/S000000079060"
"리바이어던 살인","보리스 아쿠닌","0","https://product.kyobobook.co.kr/detail/S000000919781"
"맹약의 리바이어던 6","타케즈키 조","0","https://product.kyobobook.co.kr/detail/S000000998182"
"리바이어던의 논리","데이비드 고티에","0","https://product.kyobobook.co.kr/detail/S000000848028"
"리바이어던 3(박영문고 255)","T.홉스","0","https://product.kyobobook.co.kr/detail/S000000079062"
"리바이어던 2(박영문고 254)","T.홉스","0","https://product.kyobobook.co.kr/detail/S000000079061"
"리바이어던 4(박영문고 256)","T.홉스","0","https://product.kyobobook.co.kr/detail/S000000079063"
"홉스 리바이어던","손기화","0","https://product.kyobobook.co.kr/detail/S000000594927"
"맹약의 리바이어던 8","타케즈키 조","0","https://product.kyobobook.co.kr/detail/S000001671660"
"리바이어던","토마스 홉스","0","https://product.kyobobook.co.kr/detail/S000001498350"
"맹약의 리바이어던 7","타케즈키 조","0","https://product.kyobobook.co.kr/detail/S000001858172"
"홉스가 들려주는 리바이어던 이야기 (중급편)","최지윤","0","https://product.kyobobook.co.kr/detail/S000000774594"
"맹약의 리바이어던 5","타케즈키 조","0","https://product.kyobobook.co.kr/detail/S000000998122"
"주니어김영사/NEW 서울대 선정 인문고전 60선 11-20 세트(전10권)/홉스리바이어던.국부론.이익성호사설.데","손기화 글/이주한, 주경훈 그림/손영운 기획 외","108,000","https://product.kyobobook.co.kr/detail/S000060528697"
"노트3권증정//NEW 서울대 선정 인문고전 60선 11-20 세트(전10권)/홉스리바이어던.국부론.이익성호사설.데","손기화 글/이주한, 주경훈 그림/손영운 기획 외","108,000","https://product.kyobobook.co.kr/detail/S000060526317"
"왜 분권국가인가","안성호","0","https://product.kyobobook.co.kr/detail/S000001680486"
"盟約のリヴァイアサン 3","丈月城／著","0","https://product.kyobobook.co.kr/detail/S000049901577"
"盟約のリヴァイアサン 2","丈月城／著","0","https://product.kyobobook.co.kr/detail/S000049901462"
"盟約のリヴァイアサン","丈月城／著","0","https://product.kyobobook.co.kr/detail/S000049901211"
"The Penguin and the Leviathan","Yochai Benkler","0","https://product.kyobobook.co.kr/detail/S000002487435"
